height,timestamp,hash
0,1231006505,000000000019d6689c085ae165831e934ff763ae46a2a6c172b3f1b60a8ce26f
1,1231469665,00000000839a8e6886ab5951d76f411475428afc90947ee320161bbf18eb6048
2,1231469744,000000006a625f06636b8bb6ac7b960a8d03705d1ace08b1a19da3fdcc99ddbd
3,1231470173,0000000082b5015589a3fdf2d4baff403e6f0be035a5d9742c1cae6295464449
4,1231470988,000000004ebadb55ee9096c9a2f8880e09da59c0d68b1c228da88e48844a1485
5,1231471428,000000009b7262315dbf071787ad3656097b892abffd1f95a1a022f896f533fc
6,1231471789,000000003031a0e73735690c5a1ff2a4be82553b2a12b776fbd3a215dc8f778d
7,1231472369,0000000071966c2b1d065fd446b1e485b2c9d9594acd2007ccbd5441cfc89444
8,1231472743,00000000408c48f847aa786c2268fc3e6ec2af68e8468a34a28c61b7f1de0dc6
9,1231473279,000000008d9dc510f23c2657fc4f67bea30078cc05a90eb89e84cc475c080805
10,1231473952,000000002c05cc2e78923c34df87fd108b22221ac6076c18f3ade378a4d915e9
11,1231474360,0000000097be56d606cdd9c54b04d4747e957d3608abe69198c661f2add73073
12,1231474888,0000000027c2488e2510d1acf4369787784fa20ee084c258b58d9fbd43802b5e
13,1231475020,000000005c51de2031a895adc145ee2242e919a01c6d61fb222a54a54b4d3089
14,1231475589,0000000080f17a0c5a67f663a9bc9969eb37e81666d9321125f0e293656f8a37
15,1231562746,00000000b3322c8c3ef7d2cf6da009a776e6a99ee65ec5a32f3f345712238473
16,1231562758,00000000174a25bb399b009cc8deff1c4b3ea84df7e93affaaf60dc3416cc4f5
17,1231563791,000000003ff1d0d70147acfbef5d6a87460ff5bcfce807c2d5b6f0a66bfdf809
18,1231564334,000000008693e98cf893e4c85a446b410bb4dfa129bd1be582c09ed3f0261116
19,1231564974,00000000841cb802ca97cf20fb9470480cae9e5daa5d06b4a18ae2d5dd7f186f
20,1231565995,0000000067a97a2a37b8f190a17f0221e9c3f4fa824ddffdc2e205eae834c8d7
21,1231566553,000000006f016342d1275be946166cff975c8b27542de70a7113ac6d1ef3294f
22,1231567467,0000000098b58d427a10c860335a21c1a9a7639e96c3d6f1a03d8c8c885b5e3b
23,1231567611,000000000cd339982e556dfffa9de94744a4135c53eeef15b7bcc9bdeb9c2182
24,1231568277,00000000fc051fbbce89a487e811a5d4319d209785ea4f4b27fc83770d1e415f
25,1231568646,000000008e35a1d59ea1be8d76683662f47fd13c62a9e347ad5845a26f762026
26,1231570450,0000000041438e52d25bccab8798a92cabafdaad69a071d3d2a41718faf01098
27,1231570573,0000000071350772f98f84babf35502b33d42ee8466d3dde0f376c4120352081
28,1231601457,00000000bb0d9430d3d1bab474be5050342161efcca9f7e45b151bff9a700944
29,1231601503,00000000c57a1b6351208c592eef8eff015d93c899a047fe35b35252a4a59bcb
30,1231602122,00000000bc919cfb64f62de736d55cf79e3d535b474ace256b4fbb56073f64db
31,1231602736,000000009700ff3494f215c412cd8c0ceabf1deb0df03ce39bcfc223b769d3c4
32,1231603171,00000000e5cb7c6c273547b0c9421b01e23310ed83f934b96270f35a4d66f6e3
33,1231603939,00000000a87073ea3d7af299e02a434598b9c92094afa552e0711afcc0857962
34,1231604338,00000000a73fb23b6c42b18b3253ed29c5d0c80d84624efa12c2cf05c4b4318f
35,1231605153,00000000b572a465b4e816420d47a16274557b3573b7924b64808a82c7322d9b
36,1231605789,00000000f824d643f525b4904ea25c92174b8499435f388549a1700f4d3244de
37,1231606762,00000000ddd96d128e122d1179034ff66c27dc583eb9e8996a0b1779c60c6f86
38,1231607488,000000007c19ee8e924d3024d58efff50f872aadf256140bb1e3d62fea4fd6dd
39,1231607511,000000005665d506f6c3ccb5fd98624f9816a8a169f1d2327d1d4d6d3262ad12
40,1231608208,00000000b2f01f399bf503e55f25a1aa51067056d2eb81915cb91976968b69aa
41,1231608903,00000000ad2b48c7032b6d7d4f2e19e54d79b1c159f5599056492f2cd7bb528b
42,1231609153,00000000314e90489514c787d615cea50003af2023796ccdd085b6bcc1fa28f5
43,1231609477,00000000ac21f2862aaab177fd3c5c8b395de842f84d88c9cf3420b2d393e550
44,1231610361,000000002978eecde8d020f7f057083bc990002fff495121d7dc1c26d00c00f8
45,1231611068,000000009189006e461d2f4037a819d00217412ac01900ddbf09461100b836bb
46,1231611793,0000000002d5f429a2e3a9d9f82b777469696deb64038803c87833aa8ee9c08e
47,1231612888,000000001a5c4531f86aa874e711e1882038336e2610f70ce750cdd690c57a81
48,1231613140,0000000088960278f4060b8747027b2aac0eb443aedbb1b75d1a72cf71826e89
49,1231613802,00000000f067c09041ff0fcee3d91aeb7fbcc5654d3f766af2b4377aaee68d00
50,1231614698,0000000026f34d197f653c5e80cb805e40612eadb0f45d00d7ea4164a20faa33
51,1231615503,000000001c511e00d1e6825c912988a3695ab2758fdbb6c7ee58da1da4fb2d63
52,1231616363,00000000d6c655f23e71b4210ae3c5d931d76257093ab1e5ced88c52739296b5
53,1231617190,00000000fcde3f3306f4167634b51e24414900d7539cb4237f3f060cf26fba05
54,1231617386,000000004ee00fc37a68592cf22415b37e6618227249fe308d0703cca1dd745b
55,1231618509,0000000046438b8d5beb6c9efc503dfec538927d2584d2447538276e687a5283
56,1231618848,00000000f093cf2c5865f2bb851d5fa65ff1794b02fea4b0d90ff451e6e5d1c0
57,1231619676,000000004ff375707d7128dd2b080da4185727d534ea1b0aeac5877e00547391
58,1231620564,0000000075b4df54f33c4e60cf88c5dd6a6455f16f4fbe220ae81e157ce32ef1
59,1231620928,000000000f7171e53e5f037b70ae6a30d2fa6c1a9e019aa3dae242180baea54a
60,1231621959,00000000c47a58b89434bd7c7af8334b366f713330dfb89119d67d79424d2cdf
61,1231622445,000000002973d6cb9371b8db0fe6a16a98dfac07c0aa9207c1cfc967b35290c4
62,1231623224,0000000042fe934de30881dcecc5af1c80b5a083030e37d71806e7fc1e8ca02a
63,1231623880,00000000ebff91c88984bff39511f544a1c4ef6ec4f33e2ea531e47c2685628e
64,1231624107,0000000031975f17c5642a9c7e53ae4201a70a6ba6363036b55497b8754d1866
65,1231624503,00000000aae47d47b6ff5eda6abab09cd6720684b1368eac70ac4240b3c90250
66,1231625020,0000000063d334becd1f17db9b6ccf570805caeed92d37d3d67b48e3685e760d
67,1231626072,00000000cd9c854b176413d6d344d6238426539fe1525b9a88a06e5d8a2df72b
68,1231626618,00000000bfafa874eff9ea7ec32c26499bd2580718daa33fb5dd7710db2c814c
69,1231626979,00000000ddaccd89104a83b0a28e1987a88d8f51829029cb7e18630e2575e939
70,1231627646,00000000ba63ae2eeb3d2371708291b90507c3317ef957f6fcba3811cc4fe0cc
71,1231628459,000000007f7cbc93a93141bb69eb7fbfad9c4682cc328da097dbcb2b77bd1457
72,1231629194,0000000082c0abb2875dc690a243dce6cbc856647b6422abbe82f97a3a7b127a
73,1231630288,000000008ec9525cb2092c6bd7d1c2580e595bcfa54bac51cf6f0278b242f25d
74,1231631189,00000000ec989ed4909499b92e9d3eb900d75dd1fab455315916e3d45924d456
75,1231631822,00000000be64a31bc9c3c29ddfd5e45c81b6db279fee45b3a11cd7945109e54e
76,1231632554,000000005a512245f8e901241ce422afbd6b6f4c2d4bb582b763118614d57858
77,1231633184,00000000e7d28ee0e6238bd21775a007d5c4987967d2e99a527572dd30fa06ef
78,1231635654,00000000a2886c95400fd3b263b9920af80b118b28fee5d2a162a18e4d9d8b2f
79,1231645607,0000000086e318e8c348dad73199bb6fac8cc1effb9c872a7dda49c5caca0021
80,1231646077,00000000be62325a98e47d3306f275efe45d39d8cd5df28c795c96b8920ad48f
81,1231646456,000000007d076a5289751e363ecb01604355730e69de270f04f79d969ff1cf86
82,1231647491,00000000162222fadd114245e16d25f6d02acbf67865575dc6f64b57634b5153
83,1231648583,00000000ca15c30122dc65c33e8ec1f7ff2631ef9e2a1c36d8a399ca1705122b
84,1231649497,0000000095f5ee67aaade1dfa150b7ae38b3ff068936c9c95a7bb114b6ce8d4f
85,1231650483,00000000219949b3de1eae5447c00501812757885e65554fe5c51039ebe643d1
86,1231650986,00000000f1b3a6b39671e475b858bc6831db3ca57e8ecafa49a13c4d5b04fb53
87,1231651888,00000000a31b3785f0adc10975a4e3e356d133365c0aeab6e42240e17ac2e63c
88,1231652408,0000000011fd31ceefda804321c8e00d9870c15a5395f361f3b0c6908eb7d04b
89,1231653209,0000000076d9ec583c757b8911406afe4d021aed0e5f30c16e65c82a71af32c2
90,1231653550,00000000f365aa200968bb9808c3566d7d2465b4b3c93aa8a3cb9079f32cbb2f
91,1231654229,000000006e55c92b2a940de67b1314e150f0c72d0468c625f4f267fa30b8c1b1
92,1231654561,0000000009d40c0a46d368c2780dfcb0375b0fee9f0d8ad87b325ec8e451e1d2
93,1231655037,0000000069babcb34cc43c80e1c43d423a70821c740193a8265d3edc204ce4f0
94,1231655581,000000001fa8db1f15a9abd900cce0df7823a8397f2728b1d275e8fe0c0d2df0
95,1231656204,0000000021a406d58deeb398942e3c6cf956295fc11b192935c453c7d80be1ca
96,1231657185,00000000c21b38cebff4901eb0b6f4265b0adea665d8b63b5e3949e0bb923f06
97,1231658068,000000000ecab80b1bee41b0bff9514502d7d8c62bb842655da7b30008c891cc
98,1231659133,00000000a8ed5e960dccdf309f2ee2132badcc9247755c32a4b7081422d51899
99,1231660146,00000000cd9b12643e6854cb25939b39cd7a1ad0af31a9bd8b2efe67854b1995
100,1231660825,000000007bc154e0fa7ea32218a72fe2c1bb9f86cf8c9ebf9a715ed27fdb229a
101,1231661741,00000000b69bd8e4dc60580117617a466d5c76ada85fb7b87e9baea01f9d9984
102,1231662670,000000001604181f13f19fd3cc89366ec95ce1dd64b776784ef8855210622f19
103,1231663467,000000002109057cb846ff7d1d96bc77f9f65cb547938efe1961760a8bbb3f75
104,1231664009,00000000fb11ef25014e02b315285a22f80c8f97689d7e36d723317defaabe5b
105,1231664567,00000000854d5c01c377e7ff131dbd4b3af44949c6f3126fb66eab4a3fc6b1ae
106,1231665565,00000000877c1915ebe7d24bee5b81ecafcf1bac5890283124a3d662a50a7714
107,1231666285,000000007e16b0176d894bebf52f6ceb5dd8553831e579b50726779633a1f2eb
108,1231667222,0000000042afd69ddd5c5e2e9f58f65e88bde9a53f9f8f69a6e5ca93b07a24cf
109,1231667774,000000003f5dccc4e0bdac7081755b9d9ee17e7737316202b900d1c567c5abae
110,1231668739,00000000a30e366158a1813a6fda9f913497000a68f1c008b9f935b866cee55b
111,1231669673,000000004d6a6dd8b882deec7b54421949dddd2c166bd51ee7f62a52091a6c35
112,1231670137,00000000ce2780c9640fde662ffbb07a10c9e96a226718875225a9a0fe6ac337
113,1231670975,00000000019176838de40606d70738084f2fbc48a50548eeeac3ceb857677c6d
114,1231671619,000000005d7dd40c24c4b6334812f48d4386c7756fb9006d6c74300837c91ebd
115,1231671963,000000002c49a539fd73c253dbcd8afaa392bb36e02863bcca3e84456e05aec8
116,1231672548,000000007bf2805ee06ee9d6eb1197a8818e7c36e47d9fb081ce8ae1206c3c71
117,1231673147,0000000099bf32f17e8d5103e990c108c6f2caa6bd17283a77ca026a8c3bc4c8
118,1231673484,0000000054584932c3ac880b5dab1d76043eeb5df437ef468f627791cb1541f3
119,1231674557,00000000874690df6c40179f473fbe73aca69963823cc6b886e250bae690466a
120,1231675623,0000000068e1ce37e6d50d1e960255c00047d9c808146b77df2dc186ab1bc92a
121,1231676281,000000008a6086520151f1385c6f5a148572b0c36156d713b48e6e5b6330529b
122,1231676873,000000008d98d186565441057e87cc03251b95b9042956c9fb11325e2d4a847a
123,1231677823,00000000a3bbe4fd1da16a29dbdaba01cc35d6fc74ee17f794cf3aab94f7aaa0
124,1231678278,00000000ceae2b1cb578f066bd08c672fe87814880671c205febb2d624184f21
125,1231679255,000000002f4afd677b14f17a19ef5f9584155e7a43b0375c85a5d52b43959916
126,1231679899,000000007f5e80d3196ea9e3f0c0c0dc9d2b75af2d432df5ffe49956d34723fa
127,1231681965,00000000467a752a3365c86f267d340635e66703ad4071c61e9b394ef172665b
128,1231682091,00000000dda07b33ea6dc860805e868c05f8ffa2e8d35a8157a51ec64f0818f0
129,1231683160,000000001884b26b0a2482be00f3dc03131154430462453c7193b6079daaf0eb
130,1231684125,00000000a639917e11de9c36aa5d2e5f3352c2fcef06729ac9540b84837c59a1
131,1231684725,00000000c022945291aca0d76b730dccbb0161ac83fa86feaea192d5c70cce67
132,1231685008,000000007fa3a39f556782005d5f041b9e6e0e8c1bfbbfc9be81437e5537ba17
133,1231685667,00000000f07b7bf9f822bbf60da65ca37459597023c8f128642fec83c13ee9f8
134,1231686121,000000008b531a4e66ea3065d1f3368f27780b97b5070c1498dc43497a473c3a
135,1231686376,000000007dabe608fd4225d279d268f431eed773f03d0a524f1cb079989ff93a
136,1231686868,00000000b8885739dee79a5530ff50fceaea8db5d863507420aa0ef21f84ba79
137,1231687155,0000000064cc28514d6152b3c1c111424ad227fadff41da947a99535a83a824a
138,1231687693,00000000499c3e522e95be30db6826524905e3bd95910e8011c4f624e35bd0fa
139,1231688158,00000000d8b8cf67b07679b59e46aeaedd7358f0fa70e2ef8ac347fdcb731f1d
140,1231689563,00000000b09816342f1f080ca651552cd7d5ac3cf23e28ebe1af416ebd3b0395
141,1231690260,00000000a83dac69280eec98d9e650a3c69f0db88a3abf68b4c008b373af0ee5
142,1231691038,00000000d93e4c9b4340fae149648a7abc4c914f95a77458dafe03bc211900a0
143,1231692104,0000000049ec23bf6bfc47b5c8560b15dd52fb57db15ef185d78d4af12871861
144,1231693144,000000007f47b4ef1a99f9a961199a5878852e7695ef07820de4b7fa45bda802
145,1231693700,000000002e76e88e6ca526f324505fae2cc8245af31e92279f031a6019270512
146,1231694075,000000006e7fe1ebbae18fd9ea0c8b696f1fec8e5de738ef47af1299374a081c
147,1231695120,000000001a7a484e9f1e96f2c103162cc0146ca7ce648c2498726a2dbb51967e
148,1231695528,00000000e7b834752cbd32d559550f71f62b2d23c3facd7b7a4024e5dd3ba835
149,1231696366,0000000011c8275cbb5dc8010892e10415c9550ed4513945f96452fe38903d93
150,1231696944,000000009ca75733b4cf527fe193b919201a2ed38c9e147a5665fdfade551f4d
151,1231697621,00000000f04ec51395de63f4c3c76766d012ce73eaabe7eceaf124eb7696f36a
152,1231698309,00000000ab6990d52120e8db495dffb69c995b9091ad2424a5bfc934e04462c6
153,1231699081,000000005380cced108a64fb073e689d354d4f95ad16509716651458fb0bab2d
154,1231700008,00000000d38b91896d52acf14ce8eaceed69b1df2b1f563c3c7cf1d48e4166a9
155,1231700434,00000000ae55d3bae5deb21b22b5c0a93f71511f2ea1f227820214b2f4174684
156,1231700980,00000000ec9de24dfd10befc8de851e11b2ce63fea91f469cb015f8c6530c660
157,1231701538,00000000fa09b085cf298c9aed62a31c826f80876627b02cc12456ce1734c91c
158,1231702357,0000000032c0451293ab86bc737ee586663bca500c8e27002420a531b37a314e
159,1231702618,00000000c40996aa1b54f86a0a5b19a5384ba7e4332564bb7d63b18793a578bb
160,1231703466,000000002819c10868c6cf2347766dbd0c6e6502dec7346edf57458cc058c026
161,1231704197,000000005f61eb1f2ee65c83b506fb754063ba6bc260b2535e438892e58eda03
162,1231704464,00000000afe93193ee864e5efd7b09cb9e221f9e5f069509d8d858fd006936ef
163,1231714917,0000000066fd802a02909e8918fb85943836ce5d99000bdcd8128a06070d140a
164,1231715347,000000000f3e94b228bd4e233396f402bd1f715ab046eab6b44ed9ab89ae7ed7
165,1231716245,000000006f6977de3707ea42c892677d9f841f4c2fc449814f45ed2cec7f618f
166,1231716329,00000000ba8a3b7f0a431e7361828f320dca12003f33f0a873f53c81fd616a59
167,1231716711,0000000019735037752be2927084cf026224254e01e4b1223a37c18bd92561de
168,1231717181,00000000567e95797f93675ac23683ae3787b183bb36859c18d9220f3fa66a69
169,1231730523,000000002a22cfee1f2c846adbd12b3e183d4f97683f85dad08a79780a84bd55
170,1231731025,00000000d1145790a8694403d4063f323d499e655c83426834d4ce2f8dd4a2ee
171,1231731401,00000000c9ec538cab7f38ef9c67a95742f56ab07b0a37c5be6b02808dbfb4e0
172,1231731853,00000000e3efabf60693ecc2519c5f761801ccac25c2ac89e32d11dd92686854
173,1231732245,00000000dce9d69decc221c128ef78c2ae3d0b43267891f1f078586b47ac85c5
174,1231732861,00000000a7d8beee715bbcd62dc818573a8ae9fe398c7d39487e9e776e2852c0
175,1231733876,00000000fd4afcc15f0fdda9b24be4c62068d8cf82fe6277730fd096712d9d08
176,1231735142,0000000016a9f3ddedb8e850941f6981623c7721302a32ca8548dff1f7bd6e58
177,1231736557,00000000480c9799dd2b35009ff1833f69690f76c26a9bea7e00cd0042f67db1
178,1231737131,00000000ca6de0be6c908a7c11f6f1335550824b37408d4a332225a329a65b0d
179,1231738005,00000000c0ab5a6b27502869414c5b004fbca3ba8f291d2c8b2d8dbd6225e170
180,1231739452,00000000b5ef0ea215becad97402ce59d1416fe554261405cda943afd2a8c8f2
181,1231740133,00000000dc55860c8a29c58d45209318fa9e9dc2c1833a7226d86bc465afc6e5
182,1231740736,0000000054487811fc4ff7a95be738aa5ad9320c394c482b27c0da28b227ad5d
183,1231742062,00000000f46e513f038baf6f2d9a95b2a28d8a6c985bcf24b9e07f0f63a29888
184,1231742949,00000000ff862f4e3c760fee9666defe2ac0ff026171953558b14421840a2446
185,1231743578,00000000e24b8df3f63b67e6f803950a6bbfee804e21072f891b4257319273ef
186,1231743669,000000008b3ff2aaf3427f2a624cb9978e687d9fbba5000dc2f52bb4cc82d4be
187,1231744600,00000000b2cde2159116889837ecf300bd77d229d49b138c55366b54626e495d
188,1231744937,000000009a940db389f3a7cbb8405f4ec14342bed36073b60ee63ed7e117f193
189,1231745189,000000008bb30dccc10c56c339c8aaacbe0c71051dc51ee10cc84db945db2978
190,1231745501,000000007d31c3592c3fd6f4571c14870f06150028320dda7c847e1869881535
191,1231745534,00000000520bf3614f3f3f312491bcce9ae820cfcf8393cf1e7aecb0db4932ab
192,1231747164,000000000a35a6104f17dc5dedb6ef250ef412f4fbf67f5dd77f964aa1c10b36
193,1231747455,00000000833cccbec543914a96b4994669205444c85d9e4f5268d808910b9696
194,1231747844,0000000095680bb7be29ad8e6838ccb3eb3af464b813ccf31b4ea717fcc93ee7
195,1231749225,0000000068b997ae9d5c9c63ecf643bb4cff3c4e4cf765ec2479ecd8b1cfc8fe
196,1231750046,0000000091206177d68fee7a5a6b4a0747c39061c2eb82f800b447a077bfe310
197,1231751312,00000000ef271937f59286dc81d6b28196ff099bf266e12a3442c4b82c9db814
198,1231752161,00000000e85458c1467176b04a65d5efaccfecaaab717b17a587b4069276e143
199,1231752757,00000000b7691ccc084542565697eca256e56bb7f67e560b48789db27f0468eb
200,1231753120,000000008f1a7008320c16b8402b7f11e82951f44ca2663caf6860ab2eeef320
201,1231753837,000000002b50d5963806b024fa09d296a3d8762713536eba9e5bdfa7596f814a
202,1231754944,0000000009c730652f9bacbf750723245979b5978dd8332fb3581a90c3a5bda8
203,1231756296,000000001ee5a7a841a87b59245aa36f03b5d7d3d43963d0f2bf76f3d1fc2172
204,1231756638,000000009e50091c12aa8dc002a193522a5781a1a526ea96c77fb14f75aac9cf
205,1231757171,00000000d7e3261b16abe2fc1811150812ee0d6f6fc3727cadd8821df2d96c45
206,1231757577,000000007986095d6dce2f41fd76e8008e828282400e46d3b49f39d19e2b7a78
207,1231757909,00000000f5714fa64e1f16186d5afe7100ca4393320cef8298e0f59e64c3b008
208,1231758547,00000000fe5020fa736e81aa601b61c4c8007c171a92fdc802649970b81f82ff
209,1231759316,000000000e478132f5d6451cdb061aa1b639b7a375d566a68702984124ae6b03
210,1231759513,00000000101932342af01908230784689a23deff717dcfe16552d673ff30f16b
211,1231760107,0000000036a2d643bd78d457cab4320877a24303cc567c8ca84f6937802d0bc4
212,1231760777,000000008664fb07a9bcdc7298e0c70ed577f2915d6eb06a934921cb7fbb2aec
213,1231762221,00000000fd69a5ef7d33e19d8eeab6e88f9345fdf3faddb650a988deb876e827
214,1231762662,00000000ce6a645a076668ffee89c52a85834cb8b30dff55c76418230601d42a
215,1231763114,000000008be0adfe9b6bd5925ead94276b68a15467c4547e0ba532f5994ca574
216,1231764594,00000000faa2c21da83bb2a3151964f03e381cba49db5a0edf83dc834de8c90c
217,1231766029,00000000727d3ef6e04b7ebbf19a4d294a58be8f9cf91c4204eb36bfb5f35964
218,1231766966,000000002f7550e9eb1985a17e3bba31c302f1743d1cf45060445255021d0c6b
219,1231767990,00000000d2c813c67875fb331f4b4c1cf3cd7e96a53e6dd1f3808d8502535a84
220,1231768665,00000000b66ac539d2cdfebdd4720cb08603b48edec56cc07273c40b082b1d58
221,1231770060,0000000066356691a4353dd8bdc2c60da20d68ad34fff93d8839a133b2a6d42a
222,1231770653,000000004da68466ee873c7095c766baf62df93a16df579350e01e7f78911616
223,1231771213,00000000b9938ade2272609da8a83179d919aa80774c5f2577168dfb1eb51a8f
224,1231771689,000000003c29d5cb24584ddb079dd51cf9ecd02a96de0aecf05f8c2bcfa709f2
225,1231773076,00000000c665269a9d5cf61af5fd43e73840d933179c55a6d681957d3d214f28
226,1231773794,000000005153e11361b28644ee63887e11f0b4b5a14d8e3da826d215dc1ce364
227,1231774735,00000000fa8b0d2c835156455cee090212192ab289d5233aaf4c39ada1741f63
228,1231775125,0000000057fe26eebfbe0d0b7bfca14afee147973eef16350c8e6b9fde49343a
229,1231775577,00000000dc854870a02ac502cdd732644eea099008b518985da6d76015db2bdf
230,1231776531,00000000a7494fded2b0cc826dd1c58f1c383714f2de0449a3a3643ead5452c2
231,1231777403,00000000b6ee1bc8ef48268ca7fbd243cf2d4c4792620ebfc5933cf08c487bdb
232,1231778080,0000000098e453043107b29a58db813021640b3def7c1e659742ddf56420d6ca
233,1231779468,0000000016c7dad613635ae08f697c10935476b49dc67fdb6ef08b1143d01a3e
234,1231780094,00000000c2edc9f0ed8e33627247bbf78b89ee62b23ae48e6201debc28ff208e
235,1231780771,000000006006272b61243f806117f2b4d4482e1d3e83ee799b00015e551b81d2
236,1231781159,00000000297e095567db935fefecb1d495b3fbcbbe5ce37dee325a98ba357a2b
237,1231781185,000000003ee212a38ae0326c5982e3012754bb6a730f885bd955673982df83ca
238,1231782035,00000000d153d95cdb1fbdc9bd7f4e9fdbd784af7e0b0536a390d8d5b2c38a8d
239,1231783052,00000000ea67fe5a0ff9587f7a814c6b13fe902f386b53a62ac5728e8e58a16d
240,1231783494,00000000bdb3f5b06d2b5a55b85758d1df4a7cf49afe075f94fff5d1bbea4aa8
241,1231784201,000000000a827cddf4a562109923ca8102421e7f3affcfd88c66c87d63959180
242,1231785773,00000000bd0f11ce95423513cc30ed6990fe8170b9a2edfcc1cbd9b89bbcf0df
243,1231786898,000000008d6d1be4e26d9ec16b8f719bc2f7befaeff7b3cc208b100ca7abc982
244,1231787524,0000000047ebf1f452225ac287d79dcc8e4a840c2a097efa407679a213f9e5ba
245,1231788397,0000000031714f49ff442632ef45b0e7148752e7e0a6c373ef6c857093e7036f
246,1231788910,00000000ccc62f72d2e8e34c750d9ab72b6f2557d3b249b619d3e7f1860f1a32
247,1231789563,000000005fae7d3d06fc898ccdc1d9435b917dd2db63ecf0a0bc2b3f4210b831
248,1231790660,00000000fb5b44edc7a1aa105075564a179d65506e2bd25f55f1629251d0f6b0
249,1231791095,000000001a483a866ad69445e03a31db4ed5a9ea3f1cfec388fc18092f242155
250,1231792456,000000004e833644bc7fb021abd3da831c64ec82bae73042cfa63923d47d3303
251,1231793759,00000000eddf09d9b36274faf45b4b4629a28266ff952a69d554c1ed0b988dff
252,1231795114,00000000c8fd8e47245760fc2d164013cf60b6b73a5f3ed9ed21c5c1289e65aa
253,1231795882,00000000d1c33e314501b8e8ad742afe030dd2eb8ac41affa0149ccc702f440b
254,1231796561,0000000065c3ca6a832e4dd696185c2e6bf1e982b275ce6fb86df555f71a379c
255,1231797290,00000000d0a75c861fabf9ff7b92022f60e4afeed9331fe5aa073d8e4706fe3c
256,1231798073,0000000092b1d848c608c64f9f764623432855007593e596258bb40daffa8fe7
257,1231799163,00000000613da6433c0f6c61d8bcb17c39603dd4a8595142359905b18b84edcd
258,1231800349,000000001a748e1c97226c59b9ddf79a54e0857116808a1b5610a52aef4ed5b5
259,1231801541,00000000054c9ef1411c5a90efe18651625620737bd73e61e33ca5046907efd1
260,1231802728,0000000032501f50fe47fd32d16bc632c04170255d407b7d15652c32d119397f
261,1231803223,00000000054aad44afc89e1f4e0ee9561568629273df16153e425a2eb9cbbcb9
262,1231803947,0000000062e646293e5f21e2ef1e2099b048cfb58a81081d4e4035a4e19e47a8
263,1231805421,00000000803cec62b96ccbb70affe0f05f351ada18d14a16960783aeafe0d8fc
264,1231805980,00000000641f9b99064bda263144a08761757b566357f49e95f516b0b5a4b778
265,1231806051,000000001cd3ea335cdf6fbffe7fa954f761d16ff19893f04465916a3f5f5dc3
266,1231806170,0000000054de543828fb973ecf9302291426f1e99189b03c97f618f79eebf4b3
267,1231806964,0000000007e162784d52a035bfebf67d0b73813c09e2e23e6710fa237b301f0f
268,1231807132,00000000f4226696e8eec65149a5d7bedc22200e0b9526b1bf6ba7ee5e66d126
269,1231807293,00000000a167a34dd8823317ccda6036d0a243161464e3e67fc01a543ce62b7f
270,1231808778,00000000c88cd451d53ba12b50e85e2c1d0381458e22813012bbd571b86f7920
271,1231809900,0000000035981d26f072cea02a0cb67897b896229b1436e0009cb9c4c20a4ee9
272,1231810641,00000000d4e581b02a90ab3f2f45723aea64f341908a767c33968219b9900ef1
273,1231811219,000000009ed94f7234f1c82c7874b938dc2e3e09551eed7ae86c2295d4ac7dd0
274,1231811622,000000003c1432390c69b55b7797cc61d73c1c26b78eaa0d46796b1c6ccaf8c8
275,1231812926,00000000cb9259bda1b43bb1bc7ee46f1f04ddea0afe7ab542193b3c8761f918
276,1231813196,00000000913eac3ab8630e663e9c9a127a810a27fcac2e19aed6864b3eb349aa
277,1231815025,00000000cc3eeb36e3db7ce323b021abad084efdc7e4de0c5a652cc74ebe2b1d
278,1231815925,0000000060070572bf6b7516ab5d89dd50168ee7994d960057303e3bb838f08a
279,1231816169,00000000509137829bac76e336618e21ab34d34f23d8b73c4699854bcc557afc
280,1231817139,00000000b7686b0bbdcdbbc233c818e60afd3a62564ec7a672836d609b50c718
281,1231817659,000000007964a0e8b97bbea93e937c63d4097c42ccb4db464b1ab3047c62869c
282,1231818395,0000000025f2bb2ee58597083e13079899ecc6f2bb7e8bfd57e66b324b05d654
283,1231819157,000000001a6017f168bfbe3ef01807bec73ce61a72216d90381871e56bbcb386
284,1231820141,000000006d9d200789fb91267030be9b46ba351f28090f1c0693fed96be15467
285,1231821417,00000000afa4394f2bb4ee92d55fa857f7ade86c79257a89c33dba8c4a04006b
286,1231822498,00000000bad3f4791d4984e041ec55acf6f7b38a63b220b33f703ec2f6af049a
287,1231822967,0000000025f15576bf5734fa2e6b93a00593a969955f210aeae10c7f0733b81b
288,1231823695,00000000dc16c2db339f647ab31cad9d5639ba064272083debddebd2dcfb44ef
289,1231824272,0000000098efe4e81ec5fd517ba429722d776ae5fd04aceae90a2e43bc0572b7
290,1231825046,00000000d3e87c5021f142864817c02b5fd52b8f271d26740f1fe629b13b5333
291,1231825707,0000000004c43b1ba070fd83c0f34673d6b166c608b0ec733357b75b4c65fc1f
292,1231826633,000000007716a1f58c0ac514031e7657a7cdbee9188545495558d3078375ee76
293,1231827489,000000008f106f9bbd4d9d5dd412e4aeab83203d10a4125d03ec60bbad295c21
294,1231828541,0000000036b2f63a6f2e070dafbb6e47259d3ae00d4d2d0c7df4ec6a2271a7bc
295,1231829183,0000000038b1083b5e97f9fe1d9b18f53bbebcd95dfe4025ae4ebced103a17ba
296,1231829684,000000006c6d02760d64950b1ef3565fc9195fd758c4f9b3cf1037c055c95dcc
297,1231829772,00000000d80530efa37319e4b4508b0759fdab8ea8a81272cbe8986881489507
298,1231830791,00000000db29ac0d2a702411bd9ed3972ed81fedc25a9a84635b09949f077ca9
299,1231831694,00000000b9b003c04b2fe21b4f7a2fa809eb643852573c3a1748653e2019f01c
300,1231832435,0000000062b69e4a2c3312a5782d7798b0711e9ebac065cd5d19f946439f8609
301,1231833175,00000000a23332a5740d8676baabcbffe490fd8849b6d30f7399b83aedd733f6
302,1231833861,000000007eff6cf2aaf401206860911f5c41565162de63e687d627e20335ef0a
303,1231835108,000000006be00235ed1d0b71d20f33c3daaba0a3ebd8169967ce94e32b288860
304,1231835642,00000000375cc7513d56fdbba5c1e1adb0d69e662fd09dd14238bc627b66aadc
305,1231836755,0000000055650460d2d0c657bfbc52cac36a01a95bc5296446b50b79269cde67
306,1231837946,00000000ef3b918293d5b533a43ef16d95742b39f9a0372996814a180543c3b8
307,1231838493,0000000011d68e7505461a2ae9aa7a9e4b4d3a010e6de8ae1d4e3bbcca98409b
308,1231839461,000000008a2d970d0e70426780035154342a0416903899925cf9283e815da494
309,1231839504,00000000d3ec2f50772c2d42d4afb054c283555766a0ca1d8da65b9b5058a49e
310,1231840002,00000000ee59cb43445c8e4533582ef5a1b69be6a23eb496efc1cc6767b994f7
311,1231840140,000000006dafd39a923d401a734f4654489b8194459aac53ab52493776f7d031
312,1231841124,000000007dfc6054330e1b046f5f1aae82f5ed04097809faba5ca0aa9e91e35e
313,1231841699,00000000d9d81a18ab18a373998df7230e8248d077612a6ac6f947cc02900889
314,1231842444,00000000c1d6c5079f4f15ca5d70c4e2726a0cbadb7af5e846259dbda57fab70
315,1231843597,00000000a165e7fd7ed07f753fea6acda46f374003c7acf3e0fc508b65376b6a
316,1231844245,00000000790a957603fc7b301dfca1c8dd93837a6af49c87c85119e9335478ab
317,1231844715,000000004929d251b3802ccff6876d044ac68e0bedd37edb2ac735f771ffb04a
318,1231845101,0000000074072a95ca7158d9f16a349f9b70f5ac67a2b0a5ff3d2753663d3784
319,1231846048,0000000062a9ed638b7297dcb39d7fafe4f5185f2777269f4f9cafa3560da318
320,1231846218,000000003f100bcb2790fbf45f69b6825094d75adf5ae9dbf8f4072fe2ff2ea7
321,1231846990,000000007ec3a2daeb2fda267d4c5520c5588aac135aae9e5f01eada28e15d6f
322,1231847669,00000000d79d0587bc2af68c3c51a43b22b6a7f274f488377187985641d4786d
323,1231848372,00000000900d1e70b9606b562b92b62c0dafb82e14068aef08f0e5694fd433d4
324,1231849416,000000008c503c6c56dfee6a4ce1091875c8d7d9defe2c72f9eb5db0454f00c7
325,1231849987,00000000b4e2799499c9e64dfbe13fc772be5e9c1eb284eac1b501710fb48ccb
326,1231850712,00000000197fab9874dc712a61ca3a9544c9919e299d030851c978bab2dcb4e3
327,1231851531,00000000704779006e444bbfb928cd324da7c62685e7b4f120301e3ad59be0da
328,1231851944,00000000a3ea820f0c258b8379b6f6c2ef0260e19aa78f60aae160caf2a8abd5
329,1231852306,000000000b9cd32f191a1b3538127a93726f0ed20a21871d962eff0d655a1875
330,1231853108,00000000931292b665ecaadb744af46f877df2144d240e11e76f16cb1f6531c0
331,1231854172,000000009f5056791a32a8428ff4077fb5fe3c264fbdb72a10310ca3c6ee8d70
332,1231854604,000000001728a65efe3fe56198dd6112d7f76cc8e967d4fb958a0b4d3a08fb15
333,1231855081,000000009a5a1f98edaafdae4c0dd90e1b03833b97c5f45e130a6a0210cd9081
334,1231855781,000000006b94ae33d29db8abaf5a088f748ee835dd4509ac70d698a9f8376211
335,1231856031,00000000b104104dfc538d175f3caa313dffc06607fc06e4737e0c3abcd085d8
336,1231856644,00000000306b5009d2a9efa54aaec49a0ce1e992b0079c3f2e54fc49871d7956
337,1231857108,000000005f8dbc254ba41890b98e5a9e218c220a3476455539db27f642db3673
338,1231857528,0000000004b7c0bdbf2d818f3e4d441d8db5fd2e8168d0150edda83dc59b7da6
339,1231857859,000000001122ea7605edc62081cefc267a41e3fe3fd7b86874b3ee6217de23fb
340,1231858635,000000005ddf5639bd049b9579d2ff5d1060ed1020a72f927db9c18b106e81b4
341,1231859159,0000000082a38ff5b06379fe8898e516e4b9158c6b3e4bf07dae998ac3e8699c
342,1231860068,0000000030d317436271d42f336d26387b284fed7c84e02f8d951d1a865b052b
343,1231860987,00000000da99d2a1a9a5b005143254481a8a37c28ef845e9cbe07e8bd3727c6e
344,1231861522,000000008cc122c5d35497371c6a0ac9b1659781848445be29bd9e2d1cf00d14
345,1231861893,00000000c378c233cf6341ca6f4e7ebfe9fd1324fbbc0e21e0165393e0e83e37
346,1231862299,0000000036d62217cd8364db8ab43303379061f7c1d7eecfe49ce10c6ef9a4b7
347,1231863290,000000003f87de459605bbbbbb06f4207ff09f79c7e516aca650545b374b26be
348,1231864090,000000008d47f2e62a4fc29427cae537426c7ff461719e7f0433e785138b751c
349,1231864857,00000000c4f49e3bffbd95679dc5684e388bf65b0c5160a64b34ab9a22ebc6d3
350,1231865478,00000000e286ad94972e44b0532f2823bcda3977661a5136ff4d9d7db107d944
351,1231866358,00000000db629e4d40902dc756ee9e3ebb87a76d2750e0846849f3d5e93bb4d6
352,1231866858,0000000090e31ebfb5734092b91f0d8b1dc5f40cd7ff9c18b3f0e999278c7c91
353,1231867963,00000000dec5e5fbf851495db241e624012d675bbef96ec6dab5cdc91fa3b53b
354,1231868549,000000009bbc82871dd828a2573d035d05cc2947c7d99668609f6c671779436c
355,1231869577,000000006b6a210ca5b715e587c0155a2524c3d592266bdbd75cf1186172dab8
356,1231870655,00000000e125dc5a97591697785b3a3cbb9a9c2857d4a0a3a9905461eceb1ddd
357,1231870808,0000000018271ff4d19879fbe9f94bccf7323965fe1926fb0458ddee8b63c992
358,1231871671,0000000032d1692a4b213820a1e668733d72e483188ca3dc64f838cdcf5b2fb9
359,1231872516,0000000092c57e4d0f6f29a83a4072fdea05816199619e60c96867f7df570d5d
360,1231872582,00000000b3de4f2a07df16131eab4f13aa38f9db2d4468ba25a083f8c0cb2cd6
361,1231873025,0000000015f33195efd709e45c5de92081fb8fefdf456d5402e15e2d971fb20f
362,1231873610,00000000d654e9866ad27a9bd3147fcc461fc13d261954f76d1281307883a729
363,1231874201,00000000128007ab3db907e5142718fe41ee551535e1f68e2931f15f80603f41
364,1231875152,00000000ad29c3caf774552a757b68a54b55cd0b9ff0bb2eda4c9d0409b26c0d
365,1231875837,00000000c256b2fa2ac9936f8f78dc8a0d88320a6bb0803ae30f82406af13955
366,1231876609,000000009342a7b5d434088a48d94dc05ca2b8543f11d8042c4fa2a32f3cfad5
367,1231877248,00000000b4faa2facc1e5f54978b5c4cc770457d0ce921ac7c8a45d766e0858a
368,1231878378,0000000023ead2b9fd8c909248a60bd63b0edca44c10c8a267548f9a6ae9f1b8
369,1231879535,0000000063a7ce9070407aaa02268a35a3eb652b2e083c26630e17c1a5a7a553
370,1231879977,00000000cad69daaae19df9068b0d4bc8d6999c63bd4fb067958bc8881ab7e5c
371,1231880431,00000000ba884fc8047c04bba7068f575e21d4cb953e1f52262a0454c98c5586
372,1231880620,000000002612c92d24f533bfc280284354cb4f561c91bfaec2932f6da4e8959b
373,1231880887,00000000f91934e5f42cb57e2c3241a4bb7c178c85593613e7b2e43c3a9ff2ab
374,1231881668,000000007ead0a1b0b1faa566697697600fbc24dadef627cf76169c8631e7453
375,1231882823,00000000a075a8baeda1ecd9043458877c9cb9abc68ccd035fcbf450b91fd3b5
376,1231883994,0000000045c48b53f19d5a3e73ef6d22930737080b6bdea398303e2ae2ba27e2
377,1231884950,000000006d7b30cc5c8ccdfdd56417846e3485f42106fbee53e483e571f41c32
378,1231885847,000000002ad17ed06d467923d29348ee3692c53f24858236818e68820de26ce6
379,1231886424,00000000ca826763c172f28976c008fcf73f4f2cbac96335d49918162cf3b018
380,1231886972,000000005c619c5a51f6bfeea9029520d1e05befb6129795e9cb122efd8f4dc8
381,1231887806,00000000539376ba9a1b68e9b803ce7ae280bfbaa0eb62fc462126a6d07feec3
382,1231888319,0000000018844c2a38f9ff9e018ba5ef9e02780b8d6fe3ce63fd4a6136633ed7
383,1231889357,000000002f10da7a6a0c302a3a800722764a863e32fa1730cafacce35cb023b8
384,1231890178,00000000a82a81f206e2bee2fc10dfcc107ad1a56312e0ebe94cffc1d05e7def
385,1231890970,00000000cdaf0290cbd8caac684c2cb2bb32b8153b53c074df8e366ceb647da6
386,1231891966,0000000061d87eca0a039ebdf3f6a7932aa879729b74d64911b9828957a294d9
387,1231892936,0000000014669130de860bc311833a43cd310d0d9cbc3ac0a4801e6cb213646f
388,1231893644,00000000a8c559dd08b5a038ce306cdea26549d6fd5bc69afdef5fd472e6ca6c
389,1231894426,0000000020fd18966269582d45778b66492cff334aebdf939c0786dbf30815d7
390,1231895654,00000000cfe2c153bac08324be181717740ababbfc912840a80be7b7ba1970ca
391,1231896614,00000000b7b96842342b709b4b41c25140b35bba339cbf4b325b723f2559ba04
392,1231897053,00000000817225a719e142178240823283cb53ca9e5e79d88fd5ee70e64fe406
393,1231897603,000000007ed76ca99c1c83cfdca1fb60104b38f848bc5d7762ffa38c60eaa32b
394,1231897970,00000000dfd83646eca8487419578da5dc0e30b425df78a857106f01149e9bcc
395,1231898331,00000000dae1bd72006c1f3f6c10763440906e7e7afbf1ffbd51ec020c3a10a8
396,1231898751,00000000b899b23a550aa2d3e06d63dcf9da622a287b0dd2a21d2d9e9fd9a976
397,1231899618,0000000081c0ab052aac47e3ad0dbfab9ca3475e6d8d136a53a698bbced84ee4
398,1231900415,000000002f7d702a27ccd65158740198f79d4ba1ddea8ab14b56b63a6289fe89
399,1231901339,0000000006a774e00b730eeba018fbca6673c32753fce367a316f5c9be4332bd
400,1231902179,000000002dd9919f0a67590bb7c945cb57270a060ce39e85d8d37536a71928c3
401,1231902868,000000005bbced8d14a6ec258a8ab28ae980616e9820437cc3b6d3daff3b7d14
402,1231903283,000000005265c5afb97e91a7961ea9861612d965e7714df0c9d38da02b59d8f8
403,1231903835,0000000070e953b7a87dad93a8c63a5884f92ba7f53e38f9dc2b64e09e0b735a
404,1231904592,00000000e1c14f433f188468b2bb6e634fb5381d2c8c1e98e1f87a90842073e8
405,1231905679,00000000a148f310f5c02800fe4b08aa4daf0ea17b212ee07ce00f76768689dd
406,1231906883,00000000e3385ef51a21c2ef7d844c9e1390168247858c6865b38698017b614f
407,1231907580,000000009df396001cae68e4bbd0d1073e9056e82794a0c1c1c850e6c9d8372d
408,1231907948,00000000f079868ed92cd4e7b7f50a5f8a2bb459ab957dd5402af7be7bd8ea6b
409,1231908863,000000005ab5baa8ca1a5343bb7d84a5ef42e31b91a2e673137654d689881b27
410,1231909577,000000009579d1a62c9b365682641a0a6d73fc047b93fc5ab4ea046ccd9877ef
411,1231910433,000000003ddeb377f8c85e3c7b1ac78715fbb90fe65a617d0c57c0a6f62baf94
412,1231910935,0000000072d95c134f9a33b8f94bfe96186efc32fe8c6d13bdc2a196e40e2df0
413,1231911838,00000000621e04b0b315c9d341f8b4ff269443178a9e895e49042e3dee11fda1
414,1231912058,0000000054f5445a546e095668d56d66fbf5c977561da29b3ae8b97db9526d7b
415,1231912565,000000003f7e074587fa1684ac863519fea3c64040b05ddd04948a13f7b19b42
416,1231912942,00000000accb9001c11866848a686bc3f2c42111cbcf2ee52cc5f5c7fcac508f
417,1231913658,00000000f334596d5afdb4b5ee5fb6974718f1d94160e57a10c4db598144b808
418,1231914025,000000003255163ea0bf1f01d5f559727ae71685d261baca156e2cd3c6e9e0f2
419,1231914168,0000000022d4d7a47758faf2674bf884b08cb54400d62d1736978895ca20914f
420,1231914994,000000006a906fbef861f23ce8ff5fae146675508fa5ec64817db5c81be04019
421,1231915415,00000000ae162df19a3451cefa33bc09a4a91b53e9bf103d57386158b798c71a
422,1231915840,00000000e5712502949a46acaddb05b85428ea87f6756c67f6e99d4ee8ecb274
423,1231916533,0000000002dbc4c9438932dd99fc1ccc00868af1a864f4ec41766edd3fdad38a
424,1231917703,00000000fbeefb043c0f27fc4a978e6a3600e90bed2f4c2de756c2a1c65cf544
425,1231918065,0000000031c97dfb51b823efe75ee7917133bbfc610b0ffa07d21d52006b83e6
426,1231919092,0000000065bda4f8ed6ea6070ce861d1388d7375d6060e6113fd574a88173710
427,1231920354,00000000d3f81421d484c4d27f2c3c31a82f33850eb483926f8e0297070f5de3
428,1231920924,00000000ee39e13fe7c693ada69c543501a6dabd5ef2f72d56a43c1e906f795f
429,1231922041,000000008e5da1aa58d17da1bbc95e9b032714e7ea7831e82f2830bf97dc38e7
430,1231922852,00000000f57b8d9a6585b22868e8729515a4ce7c466a4b8713317a90fefdcd59
431,1231923141,000000001e9722b33a88ee9a0d17b921361aa499cfa545c60ba629ee82bba42a
432,1231923277,00000000fa6066998c588e2c3933e036ed64907a65ec593fd8ab37316fed0e8f
433,1231924258,000000005f1a9e236f32bcfbdb8ccd951e120858070d459d048ccf9577c462fd
434,1231924394,00000000f102043c1c58e47b6e91e6804f7ae356fed25c456c6f8359e737da6d
435,1231925298,00000000d3c23d217f8c90d7a7dc037e71cd425a2fd1f4184b97a96f45b8b52c
436,1231926247,000000007f7ce860da89da06f2c78d489a21d61557bf89549d016afcb6c31d54
437,1231927300,0000000058f437720be706c70fd716ceb07110ea74402c9921b093815ad685d7
438,1231927782,0000000025c6b644f8add734be7e666fa4afa43ca0204d623a0c0b1fd2104c7a
439,1231928740,00000000bf877e260208f54a9edde2c9689a5990c93467cc4e0becea8a3180d7
440,1231928776,000000004b9dfe906e0c97aaaa3dbb84a933d14788ddef29eb34c4054f884dfd
441,1231929745,00000000fc0f0e9952be1ff8efe59f96cfac449734cd6d58704ce6c65ec726a9
442,1231930435,00000000c55c595b18eff1e1d3f52b5759b9f56dac235af896e9c478cc77cbeb
443,1231930862,00000000945c9ee0ee1dd8c1e59b44de30354039ad301de90782c14164517e48
444,1231931549,00000000cff43a64ec00bea11866875c471289b38103f18ab4ee8d0f8f4f8ac7
445,1231932001,00000000cc07f5ed1508f93332c84f983e429e53ce2391792d114578500df442
446,1231932921,000000003f315849a6af7f1b3d056f8c554c5e0c687dae7b7134fabb7f35d201
447,1231933666,00000000e1798bc5da65746383737a855f94dd9cc73edd26eb4ec0dc3fe8d505
448,1231934513,000000004ba46e857e930313ddca29e1b30336f3e3cf26c3584c91ca93ee2bac
449,1231935119,0000000016245606f39a8b3ba658065afd77c3e722031d3da6913646e5e7e5f6
450,1231936030,00000000e474895c09bcdaf9261845960b35ea54ed3ecaf60d8a392940f1f3f9
451,1231936485,00000000816d44ea23b86ccf0b98736ee06d66e2af72f0f542976f0a92bcea98
452,1231937405,000000005009c3864ca16b54b61d09c914ac312e260de44776811287f41ffab2
453,1231938459,000000003eadc8cf26a2fb8e9c563ade586e31c608b6bcdde50327c694d6f714
454,1231939525,00000000b0448e22fa4a6ff9f9b29c66c4934e1ccb0620bcdf2689453626933e
455,1231940169,0000000013562603b4aadfcce524747ca80ba40b2ec18ab533b4ad697819e760
456,1231941022,000000008356bc1b035b437792093959059a7ca312a576313bdaf2610b3124c5
457,1231942187,000000000c86bbd3cbfe99ef173d046ac8f6d39b6819af1b6353861d36365f0a
458,1231942726,0000000049db57f7c89df82008dbfeba44995c9675d779180ffb788aa6f6ad16
459,1231943274,00000000b03379dd693686ed84a33b5086d9770f1f08c6951a9e3fc40b06e7cf
460,1231943631,00000000589bea8b8ba6b3c039cc4c10e414c498d4bab561af7b1f92a7181ce4
461,1231943876,000000002082739d0e82596fb69243b1ca9db66db623d3fdcf283f18486cdbaf
462,1231944234,0000000095c81ef621ffd5b8c7fbea7608b672ac81fd5f03c43ab3a7b27353b1
463,1231944562,000000007796883846053d0be8621d0fe1d88987da1d627a1cba650cd4efebfc
464,1231944640,000000009f02fc0ad2cbbc173f83b9db831a6a0956754784020b31e336d91081
465,1231944968,00000000d210725e12df9669ee4d5e9bfff357dc08670264f733d47ce4cce9db
466,1231945725,000000005f919738051b00a5d428f0c8074629dc634e1947f28dbeab8bdd2ba2
467,1231946092,000000007e09159f8c9a2f19a3c859f3ced1e0b2f83d85b9f63670c67a627b20
468,1231947213,00000000f6009cbf9337145686ef3fe3ca2c0d640cd9005efa3c6c41b9714c01
469,1231948092,000000004b5d03a850f59cf1a8e247de501c5052a4fd595b4f1adb605be4d510
470,1231948637,00000000fd3546b2d219faa87a34e1e6593769d753cf86fc647c4ee2a07710d1
471,1231949596,0000000015484ff1d18afb86c7581eabeaf7146813ce140595e2f136af7a393b
472,1231950232,000000003cd7e9095cccffcb41462fb67407b66e0245717d06b322732fd2633e
473,1231950272,00000000c9bc7c652131a084b2bd201dc3d4592d2251fac7b2e6ed1b674aebcf
474,1231950841,000000000d15d5f0d9971ab61c06e59f2e63e4a9cfbbb79d8f2b9d32243ee540
475,1231951310,00000000db64cbf7545cc66bc9a9eeb6f5ab53f843144be6f1932ac36fd72c04
476,1231952108,000000008d3b06397627839cb42386e01e1e097432a9c5393170c4b6ce909372
477,1231953157,00000000e15bee1a653b171741fdd792b4936a22990c7a08764349f06239001e
478,1231953545,00000000a1f0deedb6706ae3d238df794df735aa9c7adef928a67cfb84869b71
479,1231954777,00000000e2128d66b97e0b76b9fb06f58121e08b9b549a16411299dea3509cb3
480,1231955305,00000000ee9b6376dab707bb146c445aedab4fc6518abf995acdb74ffb4be7ac
481,1231956588,0000000086a40870d82307ba993f27e4f2485578bcf0d50a6baee40b9199806e
482,1231957046,00000000351892a119b67fcb13dfc9655e79e91215f8f9609bb6907cd1208e4d
483,1231958131,00000000ecffce6482a68bcd4f82511cbad2afd94d71469432501ca6a5f4811a
484,1231958892,000000005eb185e781c9980b7bf3001170c606c7534f4543cc931d1d66a2b205
485,1231958995,00000000754312ec7235128b6e6e3539c760f61c1988e4728a5aa1dcd9cbcbde
486,1231959366,00000000d33226beeea5253068d1252b713fec143b7336a25b75cbc35afe45da
487,1231959983,000000009c0f206254fa93fb756b3809c653fcd0a1ebb0caacc5b72e88e29a53
488,1231961090,00000000ecd04ea471aee3d438940b44fc375b10a3b71cad70abec7ff6b22938
489,1231962187,000000007f20688b2b5c654489c4d3b69196eba0129a364f89b97ae8e4cb0e33
490,1231962298,0000000020b23d4bcb733afc7c28ad9eff58e1f8108a15bfd8477cbdcb9bf3a0
491,1231962666,00000000244c1b0da1196b989d7557168c5e1b4253f253f2aa8bffd05c7f67b4
492,1231963006,000000008d9b5010b996bbab558e88e9fe8a8b42751dfcaa79217f9a66642e65
493,1231963103,0000000008884067dbe80128da09a16315bb208a69e9894287a3c9e0fb671f8b
494,1231963503,000000004fb61ae8e99040c4e1e3b4d333dbe867f97f63ab4238cba80f59204a
495,1231964596,00000000e47349de5a0193abc5a2fe0be81cb1d1987e45ab85f3289d54cddc4d
496,1231965655,00000000b0c5a240b2a61d2e75692224efd4cbecdf6eaf4cc2cf477ca7c270e7
497,1231966316,00000000c39ea29ad310c1f80409e24b3fbfd671c0b3599198b7cfdebf790bde
498,1231966976,00000000693a6d6b068cab3e207d570764f6bad293e3e98920246eeda81c496a
499,1231967680,00000000806df68baab17e49e567d4211177fef4849ffd8242d095c6a1169f45
500,1231968449,000000004ff664bfa7d217f6df64c1627089061429408e1da5ef903b8f3c77db
501,1231969111,0000000046887292a76cd113a5fd6af38b17c9fb77e5936cd9856694030598f9
502,1231969575,000000003727134a4823b6c4c5245e961fff7816fc494742fb0abd353c94757b
503,1231970693,0000000055a12319e123c04d357b87f5fb27f3e3de80a72de797db8f97018c0a
504,1231971788,000000006c298ed28e13fc5f9583581f7497c299abdae9b78c098eeb8f13b1ee
505,1231972858,0000000047f69498e89dac1ceb3fc1b0cbfdfbd0e463aeec97ab8ddaf7103c87
506,1231973609,00000000a99525c043fd7e323414b60add43c254c44860094048f9c01e9a5fdd
507,1231973656,000000001c6aeec19265e9cc3ded8ba5ef5e63fae7747f30bf9c02c7bc8883f0
508,1231974724,000000000d550f4161f2702165fdd782ec72ff9c541f864ebb8256b662b7e51a
509,1231975112,00000000d9d33aaf1c9dce5bbecaffc917e957e06f336bbace59704a2678e766
510,1231975169,00000000af4a7f5131596697800a0014c668ae7f8385ce023c270dbce8844884
511,1231975547,0000000013c878e1fd334fc9a1f4dbe6a4ed76562c5507c4fc21c2e273f41610
512,1231975750,000000000c8662009fdc5fc649984215b6472b860569ccbeb2a63a6731acdf8e
513,1231976547,00000000f6dd61de790513e2691978433a32c785a5aad32b173c8240f0616b55
514,1231977072,000000000e0a6dd63fbaf3e078494491d81ba2d6695266fde007dda7d859315d
515,1231978202,0000000052cd2861ec501c07a736a692fa629d841525fa42fa59e09e15687a12
516,1231979190,000000008c8e0512be74fec25a643b6337b3596974a2cee47682578bf6a583a5
517,1231979559,0000000098c4a148c28c0eb7ae6aeca20768db02f4f1f9795f66924da6181214
518,1231980679,00000000c6bcf8f690bdfbcf51a2c4b9057d47f05ba9efc3980b5c83919a8828
519,1231981816,00000000c82dee467b576139731f6197775ba9ff3bb57f0fde638b9a89d00423
520,1231982359,00000000d9934c6ea6d0ab6c209227622bab36973bf2f8519d56de8e490c5381
521,1231982645,00000000df876b240d833725492cff229b57ce6cd27f23e55eb972c992fb099f
522,1231983047,00000000a258ca4d95258d15db20e5305082039c75e33d8b954eea3dcad14d88
523,1231983513,000000003c22a2357ddc3c55c098346c9ee68510984b2c41c351c548ef295162
524,1231983986,00000000309014d78fc7440362c8ae0599e79557fe7bd0c94172dbc8c050ba5e
525,1231984996,00000000015402dc2bcc4afdc3be3c58e873a7ecea22c12f72d6889eb9b9a0b1
526,1231985645,00000000be9472e6e4b47acfb67345bd7aba371b41712904e30a1e6e728e910d
527,1231986079,0000000050475e8b0608b84ae592640cd63577af6da96376570cfb5782bc9e5d
528,1231986958,00000000e49373a26666dda6553bb5f0d74a939a788217829b20e6016a8334d4
529,1231987028,00000000a0899965df34ebd3dbe3c1538e09433834f10d3f0a438ab9f5f0730e
530,1231988141,0000000012ac8aedef5fb255a9a01f52d2292c5af21c737eaba1ef05e2c9c136
531,1231989040,00000000a8eb67a3850b2a212994caf169bd08e56841d1777ed40e3057818fff
532,1231989398,0000000054dfed74457e592658485bb93f60e7e608c815f093e1d59106ab74e4
533,1231989852,00000000dd86f3873dfdc4e2f5f18f40575d14b20696406511815f1b97e67eea
534,1231991091,00000000827d29aff6dd1f65c772885502960a7416957e5a00dfcff8a4374bdc
535,1231991724,00000000eae98bf15e531e004bcaffdf3c5c5cc6444c52a9fd0f82101249ba95
536,1231992546,0000000026c22aef6ad239ed7cce10ee37ea91fffd280bc581f4e8e705106ba5
537,1231992912,00000000d8844f55ef05e1605b04f37c5b3436fa2abcf24a8942bd885b5d18a7
538,1231993954,00000000169808a15adcbb7c4f5c8b5d61ef69764a68f2fffd882d92e39fc2af
539,1231994794,00000000eaa3b87c3687480c0edb465b00e8dcab7f0c2ef10fe5b11a1756b16d
540,1231995328,000000001958fb614e3eed2ab35305fa89a8b8db9bb5fd2575aa08fc0a06b84f
541,1231995747,00000000aa3704d9c763fac9ae41842c55a2b3a1c5b404dff2ca82c9f9ebd64b
542,1231995860,00000000bdb2a11dbc79d6f367e666448ac16aed9be8ad7c5a5712e23d0a4942
543,1231996652,0000000009b905f3db4990848b9b14fe39582147fcf6a6cb8d73bd227d75369e
544,1231997349,000000002d947997dc957cdf075dd32390f5f754d2656208d5dd82a6620179f5
545,1231998512,00000000689051c09ff2cd091cc4c22c10b965eb8db3ad5f032621cc36626175
546,1231999700,000000005a4ded781e667e06ceefafb71410b511fe0d5adc3e5a27ecbec34ae6
547,1232000330,0000000055af85fb541bac9b94e0da5c06704adafe050186d64caf8330e6eb77
548,1232001087,00000000c2deb1dd86cbc700380541d6d7cebd18a6a7642849bc57919732d705
549,1232002235,000000007583506b911ea93c3dc6ccad6351cc50cbab124e67441194d4a3d30f
550,1232002581,00000000314ff43c77573a3b8094951ce4b0f86aceee65e226914eb737ada575
551,1232003453,00000000cbfae8784536a97d45ae3422b3ec0bb76d480ad3e5db394f8a0b797d
552,1232004122,00000000831221df37f3b36c369bba5af97fd96a8f94648770c40ccb13620aee
553,1232005462,0000000072ec09be6118d66d07ac61dfb7a2ab0220551fdc7af8d6002d1ee069
554,1232006385,000000004f59cfa9f6e7238eb92ada0beab8fee7a4ed5f9f1e7a72232c0dc379
555,1232007119,00000000edade40797e3c4bf27edeb65733d1884beaa8c502a89d50a54111e1c
556,1232008124,00000000ee7947e2c00f657648bb1f4bfbc2f8fe0c9222d892c1474401cdc4ad
557,1232008622,00000000581a8d9a2a053e8d54b52477e6850e16fd33fcf4a607c1b21600c7ce
558,1232009292,00000000e6940891fe89992ae41b65864936c75880e4a428221520f8783c9215
559,1232010280,00000000b113322da717207d93b13024bc75f09c1c12e7b40497664583b6d4df
560,1232010874,00000000b5b71fea3e2abdf62fdc6b1273f48927f2a9ed5493e280792a50ad65
561,1232011955,0000000058b9d64ce6728168716bcd837c2b628cf5f26d2aa28cfce8543d2bd6
562,1232012146,000000009f7479465e462edc3ef7e174e916e6d60d51270f180f68e2157aa4ae
563,1232012402,00000000c5c2bb37ed9bf00bc9bd114e4763a40559ba2649bbaf4f4efad00db7
564,1232012460,000000009114153329b6acc79c771bf359aa673fc4f1fc227a6c7467eb242ecf
565,1232013560,00000000d35ef9ae4b7ebdcfb05560bc578ce150508b20fbb1f8d961034b66c1
566,1232014595,000000008c0ee094ee47ca98069bd49cb9c2417ee52f24476eef30b03da79553
567,1232014906,0000000014d1fd4bbd117d952efac678911969dee3640944a830d024b9eb7375
568,1232015450,00000000aa7ada2a039524c4ad0758d07c67a9104c4d8a35b5a27ed00d0967e7
569,1232015762,00000000e0f7dd0286f1bae123c899d3ff207afddc14a103d2e4ddf995bb9deb
570,1232016648,00000000bd2f9e06fe89f7ac4edb2c664b069935c7e983cd51d40ea368910a49
571,1232017034,00000000bf86d3a09a14d502d171947a7408c3779e83b78c100e5ed57fca3be0
572,1232018217,000000003b3b42e8af3178e581f468b6d83e5acd419b00656d3d5c22b82ff29c
573,1232018781,000000004f2c63cf028a37e7fc793a47ace7c27d44aac2a82fd9d90dbfc1750d
574,1232019144,000000005cd735eccf4aefbc7427efee70ee4adc886be67cc68f6f925c9c7e41
575,1232020171,00000000ecc3ba4a80a6d61ea3abc22a8fddf11d1f8019b7fbbde92e2b4dd4a8
576,1232020303,000000002436274e351576ee5c9d6a96ce64072d02713d20c32c36bf70f9fbb5
577,1232021565,0000000011e36edf0c01ecffe36ac4be9f4674c5438d5bd02f47a59c798f663c
578,1232022521,00000000c3a81d9932edc9a2e3358e631b094d9628178bbf6089b12f75b08815
579,1232023318,0000000074e77a1e561ab5247bec8a977977d3dde3d70a74fabf0adc3d6bf4ac
580,1232024017,00000000dd9588e8b12025e5257267abe0e9134d493ab3b449a47db8d22567d2
581,1232024561,0000000084935be8a5b06525aea383d2988df6003963222f5adc5ddf5951e7fd
582,1232025374,000000000568dd391b3261d51ad4fcb68db5539200a15acc5bd6ece8b218601b
583,1232026445,000000005b30f48ef450de8ebdb8829a931e8cd86e2f11f48f381c61c845379b
584,1232027566,00000000d3d4c3b9014bd51bd891d1161d7ead2dbe8597561eb17b1b9c6465c3
585,1232028405,0000000046ff6c4f9a7224aa331c407c7e37f49434571307d6fca58695bcba38
586,1232029520,000000000d0d23516c5efd3af4eb951603bb30b2c93884b522a318b30e918ee7
587,1232030354,00000000fa041c4905c4eca1cc0c75204c2cd118da3ffd129c41840152038d20
588,1232031265,00000000b9d2de60c26ad0ff1289bb6c97529cac7c5a37571900a0e6be77dca8
589,1232032416,00000000b96305605f1eb5ab800024ff3fa260deedf6005e1e3987daa11d3935
590,1232032931,000000008ba08cce0c4845673a55800603a6e24be4c9977bc977fbb359db0078
591,1232033622,00000000198281de1916c2918c0dcc9dc38cc2f0cc2a3f6b2347dcd3403e7a8a
592,1232033858,000000007ba4ed8233fba72ad14360d0aa1bd8ef5675c2d06659dfabd5862084
593,1232034716,000000001d6a5eaa63b653d569e87179366ffee019ea4108f766e79578b5ebb2
594,1232035463,00000000a3fb5d9b782814d661a6927d42e5e2c48a445d20d625bce577178f9a
595,1232036324,00000000dea58ba8cb1a8d6840d32c0f23061a842f055f26c980eed9a9d2d950
596,1232036500,00000000bbea178c08435c3f672489992abaf070f0c15cef40002c399f4cece0
597,1232036790,0000000072116e126f72947abe4ec7d4d9915640a1c868cdd5fd20ed02c3c55f
598,1232037121,0000000000d16752cf56ebae77a37a8fa1ac8e234336a41622c3b7924a07a644
599,1232038030,0000000042844571bc6bce8e1c0fbec99466971eaff89fef8c0d123582181d4d
600,1232038747,00000000c7f956a913bbef9c94f517c318805821b59ea6227175f3841792ea88
601,1232039247,00000000a893fa1871e9a349309b47a9fd30520eff9605d52d981419cc210884
602,1232040312,00000000484bd8ea4a2a306a2b5ff8d6a3529df0097237183a9924d1d1a8073b
603,1232041314,0000000051654a00514d993e928b21e06c47dc16d4e289bb435ea6f7d55b357b
604,1232041344,00000000d8090bee52f17b5b4042b3ccd4f5d018419efaaaf2a8f0cf613f6273
605,1232041720,000000004b3d9501669152bc65bd56eba1992da6737c8c454662ad7ba7b5e443
606,1232042240,000000008aabb7df8289ae5fea5e3a5ddb5ae9725193d6421d5e9abf42a8272c
607,1232042393,00000000a2f73f89957afec478a73c5227f9b7a1f697de7f71bc1f9c9c9cf419
608,1232043026,000000006f50d6c328e0438358991d8905cb372d06dfdfb40b61ab67490b85a9
609,1232043349,000000008c1f7653c7e61858d8024c0d6981bd2186166730e5c0d2650ab5648a
610,1232044039,00000000efe4090f8b075603d047b16ea2d2c23eea6027a1b13f05c829b28588
611,1232044594,00000000d0dbd675a2abec27951b87fe2c0f8e059ac2566d3042165a3f4082db
612,1232045313,00000000f047c44f82ed0653e0d661b10f714f567ca7904a0f9ee475893a95e2
613,1232045372,00000000459941238f97367414684ae72ee74f2981797c26508e5b77577426fc
614,1232045504,000000007c85141167dad3a3c31beee277664e7050e2af9a1befae630e7c2d1d
615,1232046290,00000000882cfb02e7b8ae59353c0fa2e7b7a0d030128fd81a21a77f756959c8
616,1232046839,00000000f5805c3ed1c24ecddba78c6a6f2a671ba6b2d3c89cddc7c8e0c16a2f
617,1232047418,000000005eaaf15c3e3291f1d8aac5ab817e828e6de8925985225dc97f247bd0
618,1232048357,00000000b90e354dad0524303be97ca253572fb99c639a55976aa683cce7facc
619,1232049139,0000000080af4f2b1c483e0942b004618fbd23ec0b4acea09486fd5257b4ecae
620,1232050140,00000000beecc05104c1cf910a44524f717be71686f339b751824aa0e76ad313
621,1232050537,00000000ee4c3bfaae7ced8917c27b277b279e681f13bed9005c74e4557b27e5
622,1232051001,0000000045aa7ab90c20cf83d0206c6acdd431b52926962ffd46930ed7a04f5c
623,1232051797,000000003584db918b8667b768953ddff4489d491287aee518a91822e3660db4
624,1232052697,00000000cf6faaa863599e2e84c38c87ae48ab71b0d181a86921ec265a94aa1f
625,1232052762,0000000099424c7f78847a97b95557110802c172cd97fa3044f76e6c4700ed22
626,1232053261,0000000033818256a49ccc2a2a689f680aa67df17b6de2bef62858a41ba20bbf
627,1232054174,000000004a7c386863b0f68ed98667aa7199f93e53daf51aa82c273881b60729
628,1232054999,00000000b5e779143dcc5052a30298bc54026a55089ee7c54d9a84df56b1857d
629,1232055703,00000000959df6e8faf7b28a0e0610574f33856b74a6b9c2888fccdc7e3e6c03
630,1232056478,00000000204da74cb20af67449c889b7bbb19f53d5387f999f875d8a1325de57
631,1232057250,000000002c72cdf747e4fa6ad34a4bf6159cc65ab462e069c15d23eb5a688107
632,1232057835,00000000ad2ac1c66306f65080200104623cb0c32f7e52c23886f2909e298e06
633,1232058216,00000000188807140be26e081e596a8212ba14495158f13c8dce03a4d7315fa1
634,1232058407,000000005a20199b7f8bd8c707171e792b2ca84b9eedc9a2483b7d3545d5e44c
635,1232059171,00000000eb29cb0f6ad34af16f83e998580219bd01bfacf4bcffb13d145c8e17
636,1232060248,000000008b0f1bc19009361b30547a86588b0a3a00d6f2dbbe1f744eff3cb21f
637,1232060865,0000000033913ab37586406bc5037c6f87cc2d41565e23958450bc2bc98ab07c
638,1232061462,00000000b1ee19529a7c3b4b5ad198a4103404802ceb1f7161e67c1b7bfb755e
639,1232062277,0000000019c1d965032c1dc22f8a3ba3ab94cfeafd3b52a09f032de06b047dcb
640,1232063044,0000000010e9b57889d2eb77bb99a44cf06e1a80d0b1d18cc599bd472b335bcc
641,1232064028,00000000f139dfd20ba64eb915d36c026616a01e36cde0a6383583e40bf7f5d8
642,1232064487,00000000dc33f1794f744e76099e89015bb9de186004867bf8f09d4bbac0930b
643,1232064985,000000006ded0e621cfacfcbab228781c8fb768d632a41503f8ed3a26ff58d8b
644,1232065311,00000000b98fcbc3ffa5735bca2dddb8ae01b75c01a1f055ba48b515eebef020
645,1232065648,000000002689f3021912d78bc8d5b046d2828a75dc695905b8743222b9907a8d
646,1232066137,00000000417404b256f7fb76d9b6ec6a8077536369d120ac8ad1aa246b6e9da1
647,1232066628,00000000292b0f6a658cfab5e4d69a7d5753a6fef74ced4ef82e7026042a97de
648,1232067816,0000000055f9514359114a754ab74471f39a5fe6034ca6d05ec14e2d03dbd626
649,1232068634,00000000a99927e355bb8699c583c2214cc796c42aa28b82337979b60ef3af1d
650,1232069443,00000000d3ebca0f1cf140987959ba9231e9da43f3f76aed02d0cfe9d88b71d7
651,1232070406,000000002b5e03ee6029c1f5703b7baaf097630ca55f91d93ddd412eb0d054e5
652,1232070480,000000008e1bd9998d126a037a31e20c2be174f6c760ba32d1cfe2498f570cc7
653,1232070880,00000000563679ac0304f948a6a515b06077b3b6ef118036d9dbe4ef32122597
654,1232071761,00000000f977441badb36a6bbac2057f7c6464dea83fabde00636803ae536534
655,1232072093,00000000180b5bdbeb61d547a04adf658f7c9be695cd2c5d8fdf3e27e022d833
656,1232072812,00000000915f7a477e3df905e1625c9e59ce63e6c26fa349f427b9cc314a4a76
657,1232073815,00000000219c44b7a974528cfe22f831631ba20a4bd8e7a238918d1d2f13aec3
658,1232073893,000000006aad240f2485670793fcc62eb5006a42aba22e32b6918d710a2583b3
659,1232074147,00000000de071e247a1f44be9908714f0cc8282e2ddcdf7d2c4b3dbca9a624d3
660,1232074673,00000000ef6644f79c0e3363c0359de10bc485d9d032af7c8097b325b54a2497
661,1232075360,0000000067329a9d48d204813cc35e8b89a8c476f292d92f58691b9535b8da63
662,1232076911,00000000ae07b04e64e658c2dd85bfab0da646352a42037940dd0d18ea6ed8a4
663,1232077965,00000000158b0585927acbb1fec533a7883045dabff45a3ee95fb9750a514344
664,1232078396,00000000314adfb954aa27794bf6015ff65112ad64adf179338e979108277226
665,1232078458,000000008b3292ededf3a3a675c44bb2a2ac378878fad1c10cef4219f2d95100
666,1232079036,00000000fc5b3c76f27f810ee775e480ae7fd604fd196b2d8da4257fcd39f4f9
667,1232079598,000000002c366a1d494cfe69187059aa125ba410b9779ac6dcda38d7e6711fbe
668,1232080611,0000000049caf505993a97999aaae3865ad632f413c1f7465b5629fd77153beb
669,1232081542,0000000062f7c49b1b1fd14cac362c40affbf322e40c9f2603148e62ae95ac9f
670,1232083261,00000000bb7f77903d7ebcd8849cc4c6570bbd52e623f6ee341e8e67241251fc
671,1232084566,000000009e48aa3498ce546a1cbfccbc083e080108b06e0ad4bcea59c74a1af1
672,1232085703,000000005d0ceb9dfcec53ef56b48f949f6e7a4e76b6fe9641fd02beff7134b4
673,1232086216,00000000ea02e80eda7207d0e12b78a99dc94aff6bd2f199ea3a6cfc591a97f6
674,1232087115,00000000c12782db7d1c20d4f97cef3469da5f9db7c4977e97cefd7e9d0cdf06
675,1232088311,00000000c1c260c8e5913550e4321b0feffb74e19897c4256c57084ec81a2b92
676,1232089660,000000003ea24331e6028681e1d342c0f21a45c3e205f24ccd5298a6497d1c58
677,1232090447,00000000ff1f5a558c320074a15d59eaa0f05e98f7258075f69ad3303eb9c759
678,1232091328,00000000038ba6aef61ecafa4361db063b2b86f24202b0ac857253f13461eb5a
679,1232092225,00000000144cf235e3c011e236d261bf535720eebf6ead83ceb1e9fc1e5e4c16
680,1232092650,000000001943f7332d6eed79dd7c66f37c571c47f51faa9f34efd13e3f4e181c
681,1232093273,000000008c3c1a85063bc181d4ff51425209ba6788a0f85c473667620bed5780
682,1232094155,00000000d3d00462bebfb057d6c3eb931a7690447a31b10f0db37b150ed4c08b
683,1232095430,00000000cdecc1f6931a75229cdfe318c0501eb6b4fa3fa8633967d39f4a7430
684,1232096885,00000000cfe570ffe54c951eee22ad4061275e6bb7e8790339860535b0c341dd
685,1232097041,0000000073b026aae76ee20013acea08aa45bb75a37947d245e7b2ce3fe1f403
686,1232098329,0000000070ac1f16e6ee73ed5fd4cd0b095844be257eafc617d86e54f0432b94
687,1232098386,000000006ba5f6eada01dce3194be9fa2ff777b689bce7ab37a4d5a85e591820
688,1232098802,00000000ffa5e19e744552ad9cf9255de8ac6d4c03b9ed259fca020c9a071b1e
689,1232099502,000000004f51ff3b75ee624c32e5b1fdc911bd0c07104b00e192fd1d375fa452
690,1232100266,00000000a32fd98532b4bd1ca90c491e83d27d3238591bb93fddd080e903703c
691,1232100803,0000000074440db626bad7f813b59e6a0e1328ae4205a2c5209e031b42c31ab7
692,1232101972,000000004d46a24e850882dfc0f3397636f7785c388f28a5e910effa29e070a8
693,1232103320,000000005a81537218894c7ee88ecfefd73344d006bbe5efbf4f18808e97af38
694,1232103990,00000000dd5f6e368fdc0d79b77c69b5629995363667d711a02643d7a46e4e23
695,1232104729,000000006815fb54c6c4871d67a80a3f4af24ae4032198b66753170d75cec02c
696,1232106114,00000000438ef100a73793939192b5d3b2b6efb59ee0e60bed3a3f599027ada6
697,1232107288,00000000a3f4050652cb60d37dee6056b322fa2f3f8aa633e0162cb021c8a1df
698,1232107813,000000008010738f01223f740b6881d3c86fc05b0dd4ce8b20e6300f448a904c
699,1232108064,0000000083a0c39422ed93422badb3f877fba97199b42ec7e7c7054e921e90f2
700,1232108688,0000000084d973c18381c87a63a2430ad2eff1d84934ec34e3bfd78ffd3cd9c1
701,1232109864,000000009185a6d894df317ab79ff4ea68bcd9b7bd972888de20a9e4ba9c06d5
702,1232110073,00000000871ec3ebba39cc9e961d288c45838c9ab4f96f982c71d97a837e5071
703,1232110280,000000004b68c320b5596786d8aec8606695b9a7af378ce587854ac7b6dc4493
704,1232111152,00000000b0b1a85adf0d820cb132d663ae799a4c65d3333673f28cda68f7be9c
705,1232111780,000000004ebe43b15565f9a42d99481d4a4188059d803d6071906b6804e9d4fe
706,1232112566,000000006f6709b76bed31001b32309167757007aa4fb899f8168c8e9c084b1a
707,1232113906,00000000bf9c7f7b8b72d82164a9328e331581e68885d1f5003da874f23fa474
708,1232114037,00000000e4f0ff6c0defc41f1b44db9519708cb667e8d07ca982f8ab473e6786
709,1232115216,0000000060b5d78901f42d7caafa58a3a65050302180313f4f8ff30face3d066
710,1232116727,00000000791fb1702dd6462b58168d1d93dd26fb6f4755e350c319f17d208645
711,1232118179,0000000002d22a938ca04106547b35996f909f1b8216389f2a97f0ef56b4b838
712,1232119286,000000001eed32ce8c925d0ce77ce5940c08378f997c67090338e23f956b2668
713,1232119341,000000001b210aa3f5277e13754df8de4ba97804bab0f0fe370c34f18559bc50
714,1232119917,00000000b60efe1822717bdb70ea1bf8e3a33c3d5cb0cf6ff42a96e93368b9fa
715,1232120951,00000000c99ff7745c9a2d493a4cb10be61ca52f86ef6a0e805664cdbd68c7d6
716,1232122161,0000000002486c11d719888893ada10ad32cd618056d7ca7db047d95fe7733de
717,1232122736,00000000cf9274eb4bc9d220d00c348a3955b3f6ab76e423bca412c7bfd288f1
718,1232124164,000000000992f083d79cdd428b664ce97105c57fdc63049371bfa98c28dbbc79
719,1232125432,0000000090fd8059294d0cf84fd0278e8c618ca0ad09f712c0ec6c22fc216df0
720,1232125633,00000000a6657c121ed645db8a0e48cec4fde2f4a020d7322dc62071d8f8bc2e
721,1232126326,000000005443178dfe42ea11ff3588d9b404c2584e886d3c0d798d4e9a67ae5a
722,1232127258,000000000033b4ee1cc40f05145b1a3987cca2473589e7e23082996e2fe7c899
723,1232128717,000000000452ee8a3bea263fc991f365968043fc5cdcbf581c88516f573355ee
724,1232129602,0000000053fe3cb3bea4439a1b901b16a68ad0a790b82c3cb0bae6be33e9d14a
725,1232131033,0000000089c680170ab1ea7f17a4df3ee03ee6d66a3c843ad83e41c36cc2e4ea
726,1232132250,00000000dbf3493c5424054e469e704ef49998e81fb7b1cd5056709def9a7279
727,1232132515,000000001c7eb6ab129cf14659aea1f77f6e116ea8da2193182b08eae6ecf5f7
728,1232133515,00000000d14f2e97678951ad004d6699babd27e07ca722c46b30dc24c67eed7a
729,1232133558,00000000ce8f753a6df03ffba3ed05db6cf79013e79b7d20c87e0e88b7672fbf
730,1232134449,00000000787381693ec698b7b6e84c8605f383cafb64071a03008938be6e52bd
731,1232134905,0000000019d382666db9959df7d76b1d3a68230dfe4ae9b6ab817260c02927a6
732,1232135969,00000000ddd47166f0e4c39fb2db653955cdc9bef87530e8844153c13faabe07
733,1232136547,000000003792ca071d4b698890b315448e6208f9f591ed88bebd3ed52012a505
734,1232137444,000000007f65dc5a5681c9de6fcdfec7f68aa67af923af236f151cbffaf8e26c
735,1232138546,000000005e132ed894791add9a4e71175ead568b4e197de381364f9e965a491a
736,1232139204,00000000305d6a663100108e3ead61bdb3df4ca9d5875e1db372d512d14b035c
737,1232139727,00000000daf09309228c0a50e0b30f65411db9cee48635a1ea150be7b3127918
738,1232140366,000000000ec2bace2282d8d1e69b9d9371a6dea1665460e74fee9f05a6c8cefc
739,1232141054,00000000f7e47202ba95186d565b3484fe1db2b83183160a285f4da8ae9b76c4
740,1232141960,00000000c39060871c6665d8307228083949ced6652605b764b2ffd52bac8d7d
741,1232142119,000000006e86c045f9802af84992d9b1d5f099157b9eb89328477ce57ec6f038
742,1232143308,00000000727ad4862f92633549f451cd8f478f1bc40e9149f80eb415da3a7533
743,1232144951,00000000731219aec041addd2c99cea903071350b0944fc2988bbec86877abaa
744,1232146460,00000000349816587f5e5a9095174256b53c5f457222e3ef5362db55ab026620
745,1232147265,00000000bb31c71c439638b4a79f4bd26bc4b3b64dd96bd104494a5c165a3aff
746,1232148780,00000000f74ffef987a1d77522559eaa3c20d7c5ab131fa51a7c79a4c5776a80
747,1232150041,000000006cae5f88a202295f6435ba871e03290523110e4b4be443db054561cb
748,1232150102,00000000417a0fcdb5047f37ed922c536fa7c27b99fc2d455016a42e11b6e96c
749,1232151146,00000000f6b7bac6920871b0a04a0c6c0d3aafd178acc7d057562c45f7dfc0ce
750,1232152343,00000000ad8174a71c1b2c01fd6076143c2cf57d768bf80d7c11b6721d3a2525
751,1232152910,000000004670c45a768b79470e72978d3e265d632334e0a3e79ec13fa866b425
752,1232153225,00000000d9f631023b59f4abca4fbe5802ec6100b04520687ae9b215c007e934
753,1232153864,0000000017a3a3cbc16f12113fe4d2c3f315967767edf9d3dfea7126b10a9589
754,1232154634,000000007a97861a5765941225104fc424dc76dcd95f2d84bae78beff16ba484
755,1232155719,00000000232f4805b3516eb9361c2e0e0cc3fd9ebbdcbb969e2a5b117a8bc28c
756,1232156539,0000000024c6a84ddf1a85c22e955d6b016cf13611257ad8f634cb4730158157
757,1232156739,0000000085dc21acb05334554ee42d3564a9131b589511bb261f026fa99822d2
758,1232157221,00000000249d85e360e7fa196bb6cb040fc5bb6cabc4f8e3c0bf5a0a160eae8e
759,1232158170,00000000eaf0da6bac4f877a43261dd151550d4103b4d57f6ece36c143e48a17
760,1232158840,000000000a2c58c01e09387a9627a789f9ec05fb926724dfdd80b4b27a3a8a6b
761,1232159437,00000000ad622ab6c0e4c9860075f52949a10f023179e6280bbbf999848f6564
762,1232160698,00000000d5ab597214e9a7d2f83e0a21696d5ebf4910c2d7d283794d68129aac
763,1232161744,0000000097e8325b37343ea6e7004b8b088602a68065cd7ada89aef6da0a3abe
764,1232162276,000000002727bdb811d6c1dc0cc2121ac07a90e37b83954eafe8ae948388aaef
765,1232163166,000000009dc6f775548971151fc86491ebc626057e9f5be06ab36421717d52bf
766,1232164242,00000000929527c680e5fcab95d915ea5d690d2fee0b6741b8ff34016f0c1acd
767,1232164279,000000002ba5875b0cfb046a7d16da3b3fca7fc4c31935d470db3883c593c98e
768,1232165677,000000000af8d998f9358c2288930f510664fda475d566bf8fdfb2e1b5076e48
769,1232166977,0000000014ae7c9765f35c9522e3632c3115142a7f985015f708339cc94878b2
770,1232168140,00000000641ad9cd4ddfc5139e95d1062e39239e358f5d2c5c3d425237d4ba48
771,1232168513,00000000c6846ae9277a93737caabca0f5e73f5cec08b9d2843aadf4d9992d70
772,1232168636,00000000a332b39117fefe672973d5dbb13dcf3e21385478a0ab5c6aa34809ce
773,1232169303,000000004d3ef3521bfb87c9b184f61a6658d55383fc313923a1c8899b9c0163
774,1232169696,000000008f858bef0b058c6d32680ccdb7d1bf4c35e97bd73fbe1b42f5069829
775,1232171060,00000000284439b700b0f546c490020308dde23bf72f1ee15253af6bdd19468d
776,1232171865,00000000a03ddc295497366ea1fd8a80e890c7d9f430771236c83091ff6bbf6e
777,1232171948,000000000ed962e1b77fcd47c5deab249f1adb1069195cbcd6cd77f2679e791b
778,1232172535,000000000507b1b544c123048a54d131a6a5eb86884dca2ec2a6f5e29b3c7c51
779,1232173741,0000000088705973e5ff59d1a5b6cefbcdac79b15c3e20f91c1dec6ed26c4230
780,1232174964,00000000ba676d471b894c4d66237733dbffd900eba759091cc95b8de28a97e6
781,1232175823,0000000047638a0d2e2e541db2c05544bae64a7a7292838e019dda6890b0b1dd
782,1232177092,00000000857b9025fa9a6f95f96c59b711db8cb8d5dc5831c22d50c24466a088
783,1232177364,000000005ceec93f3dfbdfa1eab28ceac7ad24b73064b3812b73fe6c6be96a55
784,1232179003,000000002dfc22975439a6a353d80a5bd5ae2052f9c6c647640f3b102e2a2eb3
785,1232180282,00000000e5fec80c2f953b79ce5b60fbe7473d0fe4fa3dd0895560c9465554b7
786,1232180428,00000000f6df91f727f4554d0f020cf785d689302a2cc5f6542b1f88bfcaf110
787,1232180879,00000000cbaf0ee85c41dae62e6898ea29801106c24c382c2d29d16c3aee12ba
788,1232180896,000000006361e8cb18ad62a2bce6f71080e3c149c07c9f5df84dd947e5d864f7
789,1232181334,0000000060da2754fe44bc0eb64e5e8bb54b93bd64e183bb35731bfd8babc525
790,1232182083,000000007dc74ef3358ad4bec22f9b3a46ad7596b66ab5eb71e72ae562b47f83
791,1232183635,00000000c75f6a78ff4a93b86b7f3aaf3708ddf963992b58d5bb9ef51f433642
792,1232184950,00000000be17c92a1664248ec855e4b4a930bfc492defe7a9428d80e5f1c1211
793,1232186294,000000000e1d12b6db7849adac4a60d7af56e6d3b5c1087d64aae1444dad6a34
794,1232187625,000000006470ca6145469a3b54dba5c1a03c54f330e036061571d580b7023ee2
795,1232188579,00000000c8e6d6e1e61e22c780e255ffb21b420fc82f6b4d10a16bcd7710fc89
796,1232189223,00000000b5c41fc778883bb00fe535d3510d8c01209e1201151d819795740b0e
797,1232190699,00000000b0a235f2c0d786b99d2419dfd4461838842dddb1b7c9025592983fea
798,1232192234,000000005475f9938641f78a7c167f7a9f792a78e98c79b16e516dee149aa024
799,1232193674,000000003b22251a4f456dcc27c4acdd8dd2b8832a0ddf410d8f864304c2c888
800,1232194705,00000000def8545899ea7274e5c59bda5982f8f960052774df45b7d5c64f9c5d
